Symbol,Security,GICS Sector,GICS Sub Industry,Headquarters Location,Date first added,CIK,Founded
MMM,3M Company,Industrials,Industrial Conglomerates,"St. Paul, Minnesota",1976-08-09,66740,1902
ABT,Abbott Laboratories,Health Care,Health Care Equipment,"North Chicago, Illinois",1964-03-31,1800,1888
ABBV,AbbVie Inc.,Health Care,Pharmaceuticals,"North Chicago, Illinois",2012-12-31,1551152,2013 (1888)
ABMD,ABIOMED Inc,Health Care,Health Care Equipment,"Danvers, Massachusetts",2018-05-31,815094,1981
ACN,Accenture plc,Information Technology,IT Consulting & Other Services,"Dublin, Ireland",2011-07-06,1467373,1989
ATVI,Activision Blizzard,Communication Services,Interactive Home Entertainment,"Santa Monica, California",2015-08-31,718877,2008
ADBE,Adobe Inc.,Information Technology,Application Software,"San Jose, California",1997-05-05,796343,1982
AMD,Advanced Micro Devices Inc,Information Technology,Semiconductors,"Santa Clara, California",2017-03-20,2488,1969
AAP,Advance Auto Parts,Consumer Discretionary,Automotive Retail,"Raleigh, North Carolina",2015-07-09,1158449,1932
AES,AES Corp,Utilities,Independent Power Producers & Energy Traders,"Arlington, Virginia",1998-10-02,874761,1981
AFL,AFLAC Inc,Financials,Life & Health Insurance,"Columbus, Georgia",1999-05-28,4977,1955
A,Agilent Technologies Inc,Health Care,Health Care Equipment,"Santa Clara, California",2000-06-05,1090872,1999
APD,Air Products & Chemicals Inc,Materials,Industrial Gases,"Allentown, Pennsylvania",1985-04-30,2969,1940
AKAM,Akamai Technologies Inc,Information Technology,Internet Services & Infrastructure,"Cambridge, Massachusetts",2007-07-12,1086222,1998
ALK,Alaska Air Group Inc,Industrials,Airlines,"Seattle, Washington",2016-05-13,766421,1985
ALB,Albemarle Corp,Materials,Specialty Chemicals,"Charlotte, North Carolina",2016-07-01,915913,1994
ARE,Alexandria Real Estate Equities,Real Estate,Office REITs,"Pasadena, California",2017-03-20,1035443,1994
ALXN,Alexion Pharmaceuticals,Health Care,Biotechnology,"Boston, Massachusetts",2012-05-25,899866,1992
ALGN,Align Technology,Health Care,Health Care Supplies,"San Jose, California",2017-06-19,1097149,1997
ALLE,Allegion,Industrials,Building Products,"Dublin, Ireland",2013-12-02,1579241,1908
ADS,Alliance Data Systems,Information Technology,Data Processing & Outsourced Services,"Plano, Texas",2013-12-23,1101215,1996
LNT,Alliant Energy Corp,Utilities,Electric Utilities,"Madison, Wisconsin",2016-07-01,352541,1917
ALL,Allstate Corp,Financials,Property & Casualty Insurance,"Northfield Township, Illinois",1995-07-13,899051,1931
GOOGL,Alphabet Inc. (Class A),Communication Services,Interactive Media & Services,"Mountain View, California",2014-04-03,1652044,1998
GOOG,Alphabet Inc. (Class C),Communication Services,Interactive Media & Services,"Mountain View, California",2006-04-03,1652044,1998
MO,Altria Group Inc,Consumer Staples,Tobacco,"Richmond, Virginia",,764180,1985
AMZN,Amazon.com Inc.,Consumer Discretionary,Internet & Direct Marketing Retail,"Seattle, Washington",2005-11-18,1018724,1994
AMCR,Amcor plc,Materials,Paper Packaging,"Warmley, Bristol, United Kingdom",2019-06-07,1748790,2019 (1860)
AEE,Ameren Corp,Utilities,Multi-Utilities,"St. Louis, Missouri",1991-09-19,1002910,1902
AAL,American Airlines Group,Industrials,Airlines,"Fort Worth, Texas",2015-03-23,6201,1934
AEP,American Electric Power,Utilities,Electric Utilities,"Columbus, Ohio",,4904,1906
AXP,American Express Co,Financials,Consumer Finance,"New York, New York",1976-06-30,4962,1850
AIG,American International Group,Financials,Property & Casualty Insurance,"New York, New York",1980-03-31,5272,1919
AMT,American Tower Corp.,Real Estate,Specialized REITs,"Boston, Massachusetts",2007-11-19,1053507,1995
AWK,American Water Works Company Inc,Utilities,Water Utilities,"Camden, New Jersey",2016-03-04,1410636,1886
AMP,Ameriprise Financial,Financials,Asset Management & Custody Banks,"Minneapolis, Minnesota",2005-10-03,820027,1894
ABC,AmerisourceBergen Corp,Health Care,Health Care Distributors,"Chesterbrook, Pennsylvania",2001-08-30,1140859,1985
AME,AMETEK Inc.,Industrials,Electrical Components & Equipment,"Berwyn, Pennsylvania",2013-09-23,1037868,1930
AMGN,Amgen Inc.,Health Care,Biotechnology,"Thousand Oaks, California",1992-01-02,318154,1980
APH,Amphenol Corp,Information Technology,Electronic Components,"Wallingford, Connecticut",2008-09-30,820313,1932
ADI,"Analog Devices, Inc.",Information Technology,Semiconductors,"Norwood, Massachusetts",1999-10-12,6281,1965
ANSS,ANSYS,Information Technology,Application Software,"Canonsburg, Pennsylvania",2017-06-19,1013462,1969
ANTM,Anthem,Health Care,Managed Health Care,"Indianapolis, Indiana",2002-07-25,1156039,2014 (1940s)
AON,Aon plc,Financials,Insurance Brokers,"London, United Kingdom",1996-04-23,315293,1982 (1919)
AOS,A.O. Smith Corp,Industrials,Building Products,"Milwaukee, Wisconsin",2017-07-26,91142,1916
APA,Apache Corporation,Energy,Oil & Gas Exploration & Production,"Houston, Texas",1997-07-28,6769,1954
AIV,Apartment Investment & Management,Real Estate,Residential REITs,"Denver, Colorado",2003-03-14,922864,1994 (1975)
AAPL,Apple Inc.,Information Technology,"Technology Hardware, Storage & Peripherals","Cupertino, California",1982-11-30,320193,1977
AMAT,Applied Materials Inc.,Information Technology,Semiconductor Equipment,"Santa Clara, California",1995-03-16,6951,1967
APTV,Aptiv PLC,Consumer Discretionary,Auto Parts & Equipment,"Dublin, Ireland",2012-12-24,1521332,1994
ADM,Archer-Daniels-Midland Co,Consumer Staples,Agricultural Products,"Chicago, Illinois",1981-07-29,7084,1902
ANET,Arista Networks,Information Technology,Communications Equipment,"Santa Clara, California",2018-08-28,1596532,2004
AJG,Arthur J. Gallagher & Co.,Financials,Insurance Brokers,"Itasca, Illinois",2016-05-31,354190,
AIZ,Assurant,Financials,Multi-line Insurance,"New York, New York",2007-04-10,1267238,
T,AT&T Inc.,Communication Services,Integrated Telecommunication Services,"Dallas, Texas",1983-11-30 (1957-03-04),732717,1983 (1885)
ATO,Atmos Energy,Utilities,Gas Utilities,"Dallas, Texas",2019-02-15,731802,1906
ADSK,Autodesk Inc.,Information Technology,Application Software,"San Rafael, California",1989-12-01,769397,
ADP,Automatic Data Processing,Information Technology,Internet Services & Infrastructure,"Roseland, New Jersey",1981-03-31,8670,
AZO,AutoZone Inc,Consumer Discretionary,Specialty Stores,"Memphis, Tennessee",1997-01-02,866787,
AVB,AvalonBay Communities,Real Estate,Residential REITs,"Arlington, Virginia[3]",2007-01-10,915912,
AVY,Avery Dennison Corp,Materials,Paper Packaging,"Glendale, California",1987-12-31,8818,
BKR,Baker Hughes Co,Energy,Oil & Gas Equipment & Services,"Houston, Texas",2017-07-07,1701605,2017
BLL,Ball Corp,Materials,Metal & Glass Containers,"Broomfield, Colorado",1984-10-31,9389,
BAC,Bank of America Corp,Financials,Diversified Banks,"Charlotte, North Carolina",1976-06-30,70858,
BK,The Bank of New York Mellon,Financials,Asset Management & Custody Banks,"New York, New York",1995-03-31,1390777,1784
BAX,Baxter International Inc.,Health Care,Health Care Equipment,"Deerfield, Illinois",1972-09-30,10456,1931
BDX,Becton Dickinson,Health Care,Health Care Equipment,"Franklin Lakes, New Jersey",1972-09-30,10795,1897
BRK.B,Berkshire Hathaway,Financials,Multi-Sector Holdings,"Omaha, Nebraska",2010-02-16,1067983,
BBY,Best Buy Co. Inc.,Consumer Discretionary,Computer & Electronics Retail,"Richfield, Minnesota",1999-06-29,764478,
BIIB,Biogen Inc.,Health Care,Biotechnology,"Cambridge, Massachusetts",2003-11-13,875045,
BLK,BlackRock,Financials,Asset Management & Custody Banks,"New York, New York",2011-04-04,1364742,
BA,Boeing Company,Industrials,Aerospace & Defense,"Chicago, Illinois",,12927,1916
BKNG,Booking Holdings Inc,Consumer Discretionary,Internet & Direct Marketing Retail,"Norwalk, Connecticut",2009-11-06,1075531,
BWA,BorgWarner,Consumer Discretionary,Auto Parts & Equipment,"Auburn Hills, Michigan",2011-12-19,908255,
BXP,Boston Properties,Real Estate,Office REITs,"Boston, Massachusetts",2006-04-03,1037540,
BSX,Boston Scientific,Health Care,Health Care Equipment,"Marlborough, Massachusetts[4]",1995-02-24,885725,
BMY,Bristol-Myers Squibb,Health Care,Health Care Distributors,"New York, New York",,14272,1989
AVGO,Broadcom Inc.,Information Technology,Semiconductors,"San Jose, California",2014-05-08,1730168,1961
BR,Broadridge Financial Solutions,Information Technology,Data Processing & Outsourced Services,"Lake Success, New York",2018-06-18,1383312,1962
BF.B,Brown-Forman Corp.,Consumer Staples,Distillers & Vintners,"Louisville, Kentucky",1982-10-31,14693,
CHRW,C. H. Robinson Worldwide,Industrials,Air Freight & Logistics,"Eden Prairie, Minnesota",2007-03-02,1043277,1905
COG,Cabot Oil & Gas,Energy,Oil & Gas Exploration & Production,"Houston, Texas",2008-06-23,858470,
CDNS,Cadence Design Systems,Information Technology,Application Software,"San Jose, California",2017-09-18,813672,
CPB,Campbell Soup,Consumer Staples,Packaged Foods & Meats,"Camden, New Jersey",,16732,1869
COF,Capital One Financial,Financials,Consumer Finance,"Tysons Corner, Virginia",1998-07-01,927628,1935
CAH,Cardinal Health Inc.,Health Care,Health Care Distributors,"Dublin, Ohio",1997-05-27,721371,
KMX,Carmax Inc,Consumer Discretionary,Specialty Stores,"Richmond, Virginia",2010-06-28,1170010,
CCL,Carnival Corp.,Consumer Discretionary,"Hotels, Resorts & Cruise Lines","Miami, Florida",1998-12-22,815097,
CARR,Carrier Global,Industrials,Building Products,"Palm Beach Gardens, Florida",2020-04-03,1783180,
CAT,Caterpillar Inc.,Industrials,Construction Machinery & Heavy Trucks,"Deerfield, Illinois",,18230,1925
CBOE,Cboe Global Markets,Financials,Financial Exchanges & Data,"Chicago, Illinois",2017-03-01,1374310,
CBRE,CBRE Group,Real Estate,Real Estate Services,"Los Angeles, California",2006-11-10,1138118,
CDW,CDW,Information Technology,Technology Distributors,"Lincolnshire, Illinois",2019-09-23,1402057,1984
CE,Celanese,Materials,Specialty Chemicals,"Irving, Texas",2018-12-24,1306830,1918
CNC,Centene Corporation,Health Care,Managed Health Care,"St Louis, Missouri",2016-03-30,1071739,
CNP,CenterPoint Energy,Utilities,Multi-Utilities,"Houston, Texas",1985-07-31,1130310,
CTL,CenturyLink Inc,Communication Services,Alternative Carriers,"Monroe, Louisiana",1999-03-25,18926,
CERN,Cerner,Health Care,Health Care Technology,"North Kansas City, Missouri",2010-04-30,804753,
CF,CF Industries Holdings Inc,Materials,Fertilizers & Agricultural Chemicals,"Deerfield, Illinois",2008-08-27,1324404,
SCHW,Charles Schwab Corporation,Financials,Investment Banking & Brokerage,"San Francisco, California",1997-06-02,316709,
CHTR,Charter Communications,Communication Services,Cable & Satellite,"Stamford, Connecticut",2016-09-08,1091667,
CVX,Chevron Corp.,Energy,Integrated Oil & Gas,"San Ramon, California",,93410,1879
CMG,Chipotle Mexican Grill,Consumer Discretionary,Restaurants,"Newport Beach, California",2011-04-28,1058090,
CB,Chubb Limited,Financials,Property & Casualty Insurance,"Zurich, Switzerland",2010-07-15,896159,
CHD,Church & Dwight,Consumer Staples,Household Products,"Ewing, New Jersey",2015-12-29,313927,
CI,CIGNA Corp.,Health Care,Managed Health Care,"Bloomfield, Connecticut",1976-06-30,701221,
CINF,Cincinnati Financial,Financials,Property & Casualty Insurance,"Fairfield, Ohio",1997-12-18,20286,
CTAS,Cintas Corporation,Industrials,Diversified Support Services,"Mason, Ohio",2001-03-01,723254,1929
CSCO,Cisco Systems,Information Technology,Communications Equipment,"San Jose, California",1993-12-01,858877,
C,Citigroup Inc.,Financials,Diversified Banks,"New York, New York",1988-05-31,831001,
CFG,Citizens Financial Group,Financials,Regional Banks,"Providence, Rhode Island",2016-01-29,759944,
CTXS,Citrix Systems,Information Technology,Application Software,"Fort Lauderdale, Florida",1999-12-01,877890,
CLX,The Clorox Company,Consumer Staples,Household Products,"Oakland, California",1969-03-31,21076,1913
CME,CME Group Inc.,Financials,Financial Exchanges & Data,"Chicago, Illinois",2006-08-11,1156375,
CMS,CMS Energy,Utilities,Multi-Utilities,"Jackson, Michigan",1999-05-03,811156,
KO,Coca-Cola Company,Consumer Staples,Soft Drinks,"Atlanta, Georgia",,21344,1886
CTSH,Cognizant Technology Solutions,Information Technology,IT Consulting & Other Services,"Teaneck, New Jersey",2006-11-17,1058290,
CL,Colgate-Palmolive,Consumer Staples,Household Products,"New York, New York",,21665,1806
CMCSA,Comcast Corp.,Communication Services,Cable & Satellite,"Philadelphia, Pennsylvania",2015-09-18,1166691,
CMA,Comerica Inc.,Financials,Diversified Banks,"Dallas, Texas",1995-12-01,28412,
CAG,Conagra Brands,Consumer Staples,Packaged Foods & Meats,"Chicago, Illinois",1983-08-31,23217,
CXO,Concho Resources,Energy,Oil & Gas Exploration & Production,"Midland, Texas",2016-02-22,1358071,
COP,ConocoPhillips,Energy,Oil & Gas Exploration & Production,"Houston, Texas",,1163165,2002
ED,Consolidated Edison,Utilities,Electric Utilities,"New York, New York",,1047862,1823
STZ,Constellation Brands,Consumer Staples,Distillers & Vintners,"Victor, New York",2005-07-01,16918,
COO,The Cooper Companies,Health Care,Health Care Supplies,"San Ramon, California",2016-09-23,711404,
CPRT,Copart Inc,Industrials,Diversified Support Services,"Dallas, Texas",2018-07-02,900075,1982
GLW,Corning Inc.,Information Technology,Electronic Components,"Corning, New York",,24741,1851
CTVA,Corteva,Materials,Fertilizers & Agricultural Chemicals,"Wilmington, Delaware",2019-06-03,1755672,2019
COST,Costco Wholesale Corp.,Consumer Staples,Hypermarkets & Super Centers,"Issaquah, Washington",1993-10-01,909832,
COTY,"Coty, Inc",Consumer Staples,Personal Products,"New York, New York",2016-10-03,1024305,
CCI,Crown Castle International Corp.,Real Estate,Specialized REITs,"Houston, Texas",2012-03-14,1051470,
CSX,CSX Corp.,Industrials,Railroads,"Jacksonville, Florida",1967-09-30,277948,1980
CMI,Cummins Inc.,Industrials,Industrial Machinery,"Columbus, Indiana",1965-03-31,26172,1919
CVS,CVS Health,Health Care,Health Care Services,"Woonsocket, Rhode Island",,64803,1996
DHI,D. R. Horton,Consumer Discretionary,Homebuilding,"Fort Worth, Texas",,882184,1978
DHR,Danaher Corp.,Health Care,Health Care Equipment,"Washington, D.C.",,313616,1969
DRI,Darden Restaurants,Consumer Discretionary,Restaurants,"Orlando, Florida",,940944,1938
DVA,DaVita Inc.,Health Care,Health Care Facilities,"Denver, Colorado",2008-07-31,927066,
DE,Deere & Co.,Industrials,Agricultural & Farm Machinery,"Moline, Illinois",,315189,1837
DAL,Delta Air Lines Inc.,Industrials,Airlines,"Atlanta, Georgia",2013-09-11,27904,1929
XRAY,Dentsply Sirona,Health Care,Health Care Supplies,"Charlotte, North Carolina",2008-11-14,818479,
DVN,Devon Energy,Energy,Oil & Gas Exploration & Production,"Oklahoma City, Oklahoma",2000-08-30,1090012,
DXCM,DexCom,Health Care,Health Care Equipment,"San Diego, California",2020-05-12,1093557,1999
FANG,Diamondback Energy,Energy,Oil & Gas Exploration & Production,"Midland, Texas",2018-12-03,1539838,2007
DLR,Digital Realty Trust Inc,Real Estate,Specialized REITs,"San Francisco, California",2016-05-18,1297996,
DFS,Discover Financial Services,Financials,Consumer Finance,"Riverwoods, Illinois",2007-07-02,1393612,
DISCA,"Discovery, Inc. (Class A)",Communication Services,Broadcasting,"Silver Spring, Maryland",2010-03-01,1437107,
DISCK,"Discovery, Inc. (Class C)",Communication Services,Broadcasting,"Silver Spring, Maryland",2014-08-07,1437107,
DISH,Dish Network,Communication Services,Cable & Satellite,"Meridian, Colorado",2017-03-13,1001082,
DG,Dollar General,Consumer Discretionary,General Merchandise Stores,"Goodlettsville, Tennessee",2012-12-03,29534,1939
DLTR,Dollar Tree,Consumer Discretionary,General Merchandise Stores,"Chesapeake, Virginia",2011-12-19,935703,
D,Dominion Energy,Utilities,Electric Utilities,"Richmond, Virginia",,715957,1983
DPZ,Domino's Pizza,Consumer Discretionary,Restaurants,"Ann Arbor, Michigan",2020-05-12,1286681,1960
DOV,Dover Corporation,Industrials,Industrial Machinery,"Downers Grove, Illinois",1985-10-31,29905,1955
DOW,Dow Inc.,Materials,Commodity Chemicals,"Midland, Michigan",2019-04-01,1751788,2019
DTE,DTE Energy Co.,Utilities,Multi-Utilities,"Detroit, Michigan",,936340,1995
DUK,Duke Energy,Utilities,Electric Utilities,"Charlotte, North Carolina",1976-06-30,1326160,
DRE,Duke Realty Corp,Real Estate,Industrial REITs,"Indianapolis, Indiana",2017-07-26,783280,
DD,DuPont de Nemours Inc,Materials,Specialty Chemicals,"Midland, Michigan",2019-04-02,1666700,2017
DXC,DXC Technology,Information Technology,IT Consulting & Other Services,"Tysons Corner, Virginia",2017-04-04,1688568,2017
ETFC,E*Trade,Financials,Investment Banking & Brokerage,"New York, New York",2004-03-31,1015780,
EMN,Eastman Chemical,Materials,Diversified Chemicals,"Kingsport, Tennessee",1994-01-01,915389,
ETN,Eaton Corporation,Industrials,Electrical Components & Equipment,"Dublin, Ireland",,1551182,1911
EBAY,eBay Inc.,Consumer Discretionary,Internet & Direct Marketing Retail,"San Jose, California",,1065088,1995
ECL,Ecolab Inc.,Materials,Specialty Chemicals,"St. Paul, Minnesota",1989-01-31,31462,
EIX,Edison Int'l,Utilities,Electric Utilities,"Rosemead, California",,827052,1886
EW,Edwards Lifesciences,Health Care,Health Care Equipment,"Irvine, California",2011-04-01,1099800,
EA,Electronic Arts,Communication Services,Interactive Home Entertainment,"Redwood City, California",2002-07-22,712515,
EMR,Emerson Electric Company,Industrials,Electrical Components & Equipment,"Ferguson, Missouri",1965-03-31,32604,1890
ETR,Entergy Corp.,Utilities,Electric Utilities,"New Orleans, Louisiana",,65984,1913
EOG,EOG Resources,Energy,Oil & Gas Exploration & Production,"Houston, Texas",2000-11-02,821189,
EFX,Equifax Inc.,Industrials,Research & Consulting Services,"Atlanta, Georgia",1997-06-19,33185,1899
EQIX,Equinix,Real Estate,Specialized REITs,"Redwood City, California",2015-03-20,1101239,
EQR,Equity Residential,Real Estate,Residential REITs,"Chicago, Illinois",2001-12-03,906107,
ESS,"Essex Property Trust, Inc.",Real Estate,Residential REITs,"Palo Alto, California",2014-04-02,920522,
EL,Estée Lauder Companies,Consumer Staples,Personal Products,"New York, New York",2006-01-05,1001250,
EVRG,Evergy,Utilities,Electric Utilities,"Kansas City, Missouri",2018-06-05,1711269,1909
ES,Eversource Energy,Utilities,Multi-Utilities,"Springfield, Massachusetts",,72741,1966
RE,Everest Re Group Ltd.,Financials,Reinsurance,"Hamilton, Bermuda",2017-06-19,1095073,
EXC,Exelon Corp.,Utilities,Multi-Utilities,"Chicago, Illinois",,1109357,2000
EXPE,Expedia Group,Consumer Discretionary,Internet & Direct Marketing Retail,"Seattle, Washington",2007-10-02,1324424,
EXPD,Expeditors,Industrials,Air Freight & Logistics,"Seattle, Washington",2007-10-10,746515,1979
EXR,Extra Space Storage,Real Estate,Specialized REITs,"Salt Lake City, Utah",2016-01-19,1289490,
XOM,Exxon Mobil Corp.,Energy,Integrated Oil & Gas,"Irving, Texas",,34088,1999
FFIV,F5 Networks,Information Technology,Communications Equipment,"Seattle, Washington",2010-12-20,1048695,1996
FB,"Facebook, Inc.",Communication Services,Interactive Media & Services,"Menlo Park, California",2013-12-23,1326801,
FAST,Fastenal Co,Industrials,Building Products,"Winona, Minnesota",2008-09-15,815556,1967
FRT,Federal Realty Investment Trust,Real Estate,Retail REITs,"Rockville, Maryland",2016-02-01,34903,
FDX,FedEx Corporation,Industrials,Air Freight & Logistics,"Memphis, Tennessee",1980-12-31,1048911,
FIS,Fidelity National Information Services,Information Technology,Data Processing & Outsourced Services,"Jacksonville, Florida",2006-11-10,1136893,
FITB,Fifth Third Bancorp,Financials,Regional Banks,"Cincinnati, Ohio",,35527,1858
FE,FirstEnergy Corp,Utilities,Electric Utilities,"Akron, Ohio",,1031296,1997
FRC,First Republic Bank,Financials,Regional Banks,"San Francisco, California",2019-01-02,1132979,1985
FISV,Fiserv Inc,Information Technology,Data Processing & Outsourced Services,"Brookfield, Wisconsin",2001-04-02,798354,
FLT,FleetCor Technologies Inc,Information Technology,Data Processing & Outsourced Services,"Norcross, Georgia",2018-06-20,1175454,2000
FLIR,FLIR Systems,Information Technology,Electronic Equipment & Instruments,"Wilsonville, Oregon",2009-01-02,354908,
FLS,Flowserve Corporation,Industrials,Industrial Machinery,"Irving, Texas",2008-10-02,30625,
FMC,FMC Corporation,Materials,Fertilizers & Agricultural Chemicals,"Philadelphia, Pennsylvania",2009-08-19,37785,
F,Ford Motor Company,Consumer Discretionary,Automobile Manufacturers,"Dearborn, Michigan",,37996,1903
FTNT,Fortinet,Information Technology,Systems Software,"Sunnyvale, California",2018-10-11,1262039,2000
FTV,Fortive Corp,Industrials,Industrial Machinery,"Everett, Washington",2016-07-01,1659166,2016
FBHS,Fortune Brands Home & Security,Industrials,Building Products,"Deerfield, Illinois",2016-06-22,1519751,
FOXA,Fox Corporation (Class A),Communication Services,Movies & Entertainment,"New York, New York",2013-07-01,1308161,
FOX,Fox Corporation (Class B),Communication Services,Movies & Entertainment,"New York, New York",2015-09-18,1308161,
BEN,Franklin Resources,Financials,Asset Management & Custody Banks,"San Mateo, California",,38777,1947
FCX,Freeport-McMoRan Inc.,Materials,Copper,"Phoenix, Arizona",,831259,1912
GPS,Gap Inc.,Consumer Discretionary,Apparel Retail,"San Francisco, California",1986-08-31,39911,
GRMN,Garmin Ltd.,Consumer Discretionary,Consumer Electronics,"Schaffhausen, Switzerland",2012-12-12,1121788,
IT,Gartner Inc,Information Technology,IT Consulting & Other Services,"Stamford, Connecticut",2017-04-05,749251,
GD,General Dynamics,Industrials,Aerospace & Defense,"Falls Church, Virginia",,40533,1899
GE,General Electric,Industrials,Industrial Conglomerates,"Boston, Massachusetts",,40545,1892
GIS,General Mills,Consumer Staples,Packaged Foods & Meats,"Golden Valley, Minnesota",1969-03-31,40704,1856
GM,General Motors,Consumer Discretionary,Automobile Manufacturers,"Detroit, Michigan",2013-06-06,1467858,
GPC,Genuine Parts,Consumer Discretionary,Specialty Stores,"Atlanta, Georgia",1973-12-31,40987,1925
GILD,Gilead Sciences,Health Care,Biotechnology,"Foster City, California",2004-07-01,882095,
GL,Globe Life Inc.,Financials,Life & Health Insurance,"McKinney, Texas",1989-04-30,320335,
GPN,Global Payments Inc.,Information Technology,Data Processing & Outsourced Services,"Atlanta, Georgia",2016-04-25,1123360,
GS,Goldman Sachs Group,Financials,Investment Banking & Brokerage,"New York, New York",2002-07-22,886982,
GWW,Grainger (W.W.) Inc.,Industrials,Industrial Machinery,"Lake Forest, Illinois",1981-06-30,277135,
HRB,H&R Block,Consumer Discretionary,Specialized Consumer Services,"Kansas City, Missouri",1986-11-30,12659,
HAL,Halliburton Co.,Energy,Oil & Gas Equipment & Services,"Houston, Texas",,45012,1919
HBI,Hanesbrands Inc,Consumer Discretionary,"Apparel, Accessories & Luxury Goods","Winston-Salem, North Carolina",2015-03-20,1359841,2000
HOG,Harley-Davidson,Consumer Discretionary,Motorcycle Manufacturers,"Milwaukee, Wisconsin",,793952,1903
HIG,Hartford Financial Svc.Gp.,Financials,Property & Casualty Insurance,"Hartford, Connecticut",,874766,
HAS,Hasbro Inc.,Consumer Discretionary,Leisure Products,"Pawtucket, Rhode Island",1984-09-30,46080,
HCA,HCA Healthcare,Health Care,Health Care Facilities,"Nashville, Tennessee",2015-01-27,860730,
PEAK,Healthpeak Properties,Real Estate,Health Care REITs,"Long Beach, California",2008-03-31,765880,
HSIC,Henry Schein,Health Care,Health Care Distributors,"Melville, New York",2015-03-17,1000228,
HSY,The Hershey Company,Consumer Staples,Packaged Foods & Meats,"Hershey, Pennsylvania",,47111,1894
HES,Hess Corporation,Energy,Integrated Oil & Gas,"New York, New York",1984-05-31,4447,
HPE,Hewlett Packard Enterprise,Information Technology,"Technology Hardware, Storage & Peripherals","Palo Alto, California",2015-11-02,1645590,2015
HLT,Hilton Worldwide Holdings Inc,Consumer Discretionary,"Hotels, Resorts & Cruise Lines","Tysons Corner, Virginia",2017-06-19,1585689,1919
HFC,HollyFrontier Corp,Energy,Oil & Gas Refining & Marketing,"Dallas, Texas",2018-06-18,48039,
HOLX,Hologic,Health Care,Health Care Equipment,"Marlborough, Massachusetts",2016-03-30,859737,
HD,Home Depot,Consumer Discretionary,Home Improvement Retail,"Atlanta, Georgia",1988-03-31,354950,
HON,Honeywell Int'l Inc.,Industrials,Industrial Conglomerates,"Morristown, New Jersey",1964-03-31,773840,1906
HRL,Hormel Foods Corp.,Consumer Staples,Packaged Foods & Meats,"Austin, Minnesota",2009-03-04,48465,
HST,Host Hotels & Resorts,Real Estate,Hotel & Resort REITs,"Bethesda, Maryland",2007-03-20,1070750,
HWM,Howmet Aerospace,Industrials,Aerospace & Defense,"New York, New York",1964-03-31,4281,2016
HPQ,HP Inc.,Information Technology,"Technology Hardware, Storage & Peripherals","Palo Alto, California",1974-12-31,47217,1939 (2015)
HUM,Humana Inc.,Health Care,Managed Health Care,"Louisville, Kentucky",,49071,1961
HBAN,Huntington Bancshares,Financials,Regional Banks,"Columbus, Ohio",,49196,1866
HII,Huntington Ingalls Industries,Industrials,Aerospace & Defense,"Newport News, Virginia",2018-01-03,1501585,
IEX,IDEX Corporation,Industrials,Industrial Machinery,"Lake Forest, Illinois",2019-08-09,832101,1988
IDXX,IDEXX Laboratories,Health Care,Health Care Equipment,"Westbrook, Maine",2017-01-05,874716,
INFO,IHS Markit Ltd.,Industrials,Research & Consulting Services,"London, United Kingdom",2017-06-02,1598014,
ITW,Illinois Tool Works,Industrials,Industrial Machinery,"Glenview, Illinois",1986-02-28,49826,
ILMN,Illumina Inc,Health Care,Life Sciences Tools & Services,"San Diego, California",2015-11-19,1110803,
INCY,Incyte,Health Care,Biotechnology,"Wilmington, Delaware",2017-02-28,879169,
IR,Ingersoll Rand,Industrials,Industrial Machinery,"Milwaukee, Wisconsin",2020-03-03,1699150,1859
INTC,Intel Corp.,Information Technology,Semiconductors,"Santa Clara, California",1976-12-31,50863,
ICE,Intercontinental Exchange,Financials,Financial Exchanges & Data,"Atlanta, Georgia",2007-09-26,1571949,2000
IBM,International Business Machines,Information Technology,IT Consulting & Other Services,"Armonk, New York",,51143,1911
IP,International Paper,Materials,Paper Packaging,"Memphis, Tennessee",,51434,1898
IPG,Interpublic Group,Communication Services,Advertising,"New York, New York",1992-10-01,51644,
IFF,Intl Flavors & Fragrances,Materials,Specialty Chemicals,"New York, New York",1976-03-31,51253,
INTU,Intuit Inc.,Information Technology,Application Software,"Mountain View, California",2000-12-05,896878,
ISRG,Intuitive Surgical Inc.,Health Care,Health Care Equipment,"Sunnyvale, California",2008-06-02,1035267,
IVZ,Invesco Ltd.,Financials,Asset Management & Custody Banks,"Atlanta, Georgia",2008-08-21,914208,
IPGP,IPG Photonics Corp.,Information Technology,Electronic Manufacturing Services,"Oxford, Massachusetts",2018-03-07,1111928,
IQV,IQVIA Holdings Inc.,Health Care,Life Sciences Tools & Services,"Durham, North Carolina",2017-08-29,1478242,
IRM,Iron Mountain Incorporated,Real Estate,Specialized REITs,"Boston, Massachusetts",2009-01-06,1020569,
JKHY,Jack Henry & Associates,Information Technology,Data Processing & Outsourced Services,"Monett, Missouri",2018-11-13,779152,1976
J,Jacobs Engineering Group,Industrials,Construction & Engineering,"Dallas, Texas",2007-10-26,52988,
JBHT,J. B. Hunt Transport Services,Industrials,Trucking,"Lowell, Arkansas",2015-07-01,728535,
SJM,JM Smucker,Consumer Staples,Packaged Foods & Meats,"Orrville, Ohio",2008-11-06,91419,
JNJ,Johnson & Johnson,Health Care,Pharmaceuticals,"New Brunswick, New Jersey",1973-06-30,200406,1886
JCI,Johnson Controls International,Industrials,Building Products,"Cork, Ireland",2010-08-27,833444,
JPM,JPMorgan Chase & Co.,Financials,Diversified Banks,"New York, New York",1975-06-30,19617,
JNPR,Juniper Networks,Information Technology,Communications Equipment,"Sunnyvale, California",2006-06-02,1043604,1996
KSU,Kansas City Southern,Industrials,Railroads,"Kansas City, Missouri",2013-05-24,54480,
K,Kellogg Co.,Consumer Staples,Packaged Foods & Meats,"Battle Creek, Michigan",,55067,1906
KEY,KeyCorp,Financials,Regional Banks,"Cleveland, Ohio",1994-03-01,91576,
KEYS,Keysight Technologies,Information Technology,Electronic Equipment & Instruments,"Santa Rosa, California",2018-11-06,1601046,2014
KMB,Kimberly-Clark,Consumer Staples,Household Products,"Irving, Texas",,55785,1872
KIM,Kimco Realty,Real Estate,Retail REITs,"New Hyde Park, New York",2006-04-04,879101,
KMI,Kinder Morgan,Energy,Oil & Gas Storage & Transportation,"Houston, Texas",2012-05-25,1506307,
KLAC,KLA Corporation,Information Technology,Semiconductor Equipment,"Milpitas, California",,319201,1975/1977 (1997)
KSS,Kohl's Corp.,Consumer Discretionary,General Merchandise Stores,"Menomonee Falls, Wisconsin",,885639,1962
KHC,Kraft Heinz Co,Consumer Staples,Packaged Foods & Meats,"Chicago, Illinois; Pittsburgh, Pennsylvania",2015-07-06,1637459,2015 (1869)
KR,Kroger Co.,Consumer Staples,Food Retail,"Cincinnati, Ohio",,56873,1883
LB,L Brands Inc.,Consumer Discretionary,Apparel Retail,"Columbus, Ohio",1983-09-30,701985,
LHX,L3Harris Technologies,Industrials,Aerospace & Defense,"Melbourne, Florida",,202058,
LH,Laboratory Corp. of America Holding,Health Care,Health Care Services,"Burlington, North Carolina",2004-11-01,920148,
LRCX,Lam Research,Information Technology,Semiconductor Equipment,"Fremont, California",2012-06-29,707549,
LW,Lamb Weston Holdings Inc,Consumer Staples,Packaged Foods & Meats,"Eagle, Idaho",2018-12-03,1679273,2016 (1950)
LVS,Las Vegas Sands,Consumer Discretionary,Casinos & Gaming,"Las Vegas, Nevada",2019-10-03,1300514,1988
LEG,Leggett & Platt,Consumer Discretionary,Home Furnishings,"Carthage, Missouri",,58492,1883
LDOS,Leidos Holdings,Information Technology,IT Consulting & Other Services,"Reston, Virginia",2019-08-09,1336920,1969
LEN,Lennar Corp.,Consumer Discretionary,Homebuilding,"Miami, Florida",2005-10-04,920760,
LLY,Lilly (Eli) & Co.,Health Care,Pharmaceuticals,"Indianapolis, Indiana",1970-12-31,59478,1876
LNC,Lincoln National,Financials,Multi-line Insurance,"Radnor, Pennsylvania",1976-06-30,59558,
LIN,Linde plc,Materials,Industrial Gases,"Guildford, Surrey, United Kingdom",1992-07-01,1707925,1879
LYV,Live Nation Entertainment,Communication Services,Movies & Entertainment,"Beverly Hills, California",2019-12-23,1335258,2010
LKQ,LKQ Corporation,Consumer Discretionary,Distributors,"Chicago, Illinois",2016-05-23,1065696,
LMT,Lockheed Martin Corp.,Industrials,Aerospace & Defense,"Bethesda, Maryland",1984-07-31,936468,
L,Loews Corp.,Financials,Multi-line Insurance,"New York, New York",,60086,
LOW,Lowe's Cos.,Consumer Discretionary,Home Improvement Retail,"Mooresville, North Carolina",1984-02-29,60667,1904/1946/1959
LYB,LyondellBasell,Materials,Specialty Chemicals,"Rotterdam, Netherlands",2012-09-05,1489393,
MTB,M&T Bank Corp.,Financials,Regional Banks,"Buffalo, New York",,36270,1856
MRO,Marathon Oil Corp.,Energy,Oil & Gas Exploration & Production,"Houston, Texas",1991-05-01,101778,
MPC,Marathon Petroleum,Energy,Oil & Gas Refining & Marketing,"Findlay, Ohio",2011-07-01,1510295,
MKTX,MarketAxess,Financials,Financial Exchanges & Data,"New York, New York",2019-07-01,1278021,2000
MAR,Marriott Int'l.,Consumer Discretionary,"Hotels, Resorts & Cruise Lines","Bethesda, Maryland",,1048286,1927
MMC,Marsh & McLennan,Financials,Insurance Brokers,"New York, New York",1987-08-31,62709,
MLM,Martin Marietta Materials,Materials,Construction Materials,"Raleigh, North Carolina",2014-07-02,916076,
MAS,Masco Corp.,Industrials,Building Products,"Livonia, Michigan",1981-06-30,62996,
MA,Mastercard Inc.,Information Technology,Data Processing & Outsourced Services,"Harrison, New York",2008-07-18,1141391,
MKC,McCormick & Co.,Consumer Staples,Packaged Foods & Meats,"Hunt Valley, Maryland",,63754,1889
MXIM,Maxim Integrated Products Inc,Information Technology,Semiconductors,"San Jose, California",2018-12-03,743316,1983
MCD,McDonald's Corp.,Consumer Discretionary,Restaurants,"Chicago, Illinois",1970-06-30,63908,1940
MCK,McKesson Corp.,Health Care,Health Care Distributors,"Irving, Texas",,927653,1833
MDT,Medtronic plc,Health Care,Health Care Equipment,"Dublin, Ireland",1986-10-31,1613103,1949
MRK,Merck & Co.,Health Care,Pharmaceuticals,"Kenilworth, New Jersey",,310158,1891
MET,MetLife Inc.,Financials,Life & Health Insurance,"New York, New York",,1099219,1868
MTD,Mettler Toledo,Health Care,Life Sciences Tools & Services,"Columbus, Ohio",2016-09-06,1037646,
MGM,MGM Resorts International,Consumer Discretionary,Casinos & Gaming,"Paradise, Nevada",2017-07-26,789570,
MCHP,Microchip Technology,Information Technology,Semiconductors,"Chandler, Arizona",2007-09-07,827054,
MU,Micron Technology,Information Technology,Semiconductors,"Boise, Idaho",1994-09-27,723125,
MSFT,Microsoft Corp.,Information Technology,Systems Software,"Redmond, Washington",1994-06-01,789019,1975
MAA,Mid-America Apartments,Real Estate,Residential REITs,"Memphis, Tennessee",2016-12-02,912595,
MHK,Mohawk Industries,Consumer Discretionary,Home Furnishings,"Calhoun, Georgia",2013-12-23,851968,
TAP,Molson Coors Brewing Company,Consumer Staples,Brewers,"Denver, Colorado",1976-06-30,24545,
MDLZ,Mondelez International,Consumer Staples,Packaged Foods & Meats,"Chicago, Illinois",2012-10-02,1103982,
MNST,Monster Beverage,Consumer Staples,Soft Drinks,"Corona, California",2012-06-28,865752,
MCO,Moody's Corp,Financials,Financial Exchanges & Data,"New York, New York",,1059556,1909
MS,Morgan Stanley,Financials,Investment Banking & Brokerage,"New York, New York",,895421,1935
MOS,The Mosaic Company,Materials,Fertilizers & Agricultural Chemicals,"Tampa, Florida",2011-09-26,1285785,
MSI,Motorola Solutions Inc.,Information Technology,Communications Equipment,"Chicago, Illinois",,68505,1928 (2011)
MSCI,MSCI Inc,Financials,Financial Exchanges & Data,"New York, New York",2018-04-04,1408198,
MYL,Mylan N.V.,Health Care,Pharmaceuticals,"Amsterdam, Netherlands",2004-04-23,1623613,1961
NDAQ,"Nasdaq, Inc.",Financials,Financial Exchanges & Data,"New York, New York",2008-10-22,1120193,
NOV,National Oilwell Varco Inc.,Energy,Oil & Gas Equipment & Services,"Houston, Texas",2005-03-14,1021860,
NTAP,NetApp,Information Technology,"Technology Hardware, Storage & Peripherals","Sunnyvale, California",1999-06-25,1002047,
NFLX,Netflix Inc.,Communication Services,Movies & Entertainment,"Los Gatos, California",2010-12-20,1065280,1997
NWL,Newell Brands,Consumer Discretionary,Housewares & Specialties,"Atlanta, Georgia",1989-04-30,814453,
NEM,Newmont Corporation,Materials,Gold,"Denver, Colorado",1969-06-30,1164727,1921
NWSA,News Corp. Class A,Communication Services,Publishing,"New York, New York",2013-08-01,1564708,
NWS,News Corp. Class B,Communication Services,Publishing,"New York, New York",2015-09-18,1564708,
NEE,NextEra Energy,Utilities,Multi-Utilities,"Juno Beach, Florida",1976-06-30,753308,
NLSN,Nielsen Holdings,Industrials,Research & Consulting Services,"New York, New York",2013-07-09,1492633,
NKE,Nike,Consumer Discretionary,"Apparel, Accessories & Luxury Goods","Washington County, Oregon",1988-11-30,320187,
NI,NiSource Inc.,Utilities,Multi-Utilities,"Merrillville, Indiana",,1111711,1912
NBL,Noble Energy Inc,Energy,Oil & Gas Exploration & Production,"Houston, Texas",2007-10-08,72207,
JWN,Nordstrom,Consumer Discretionary,Department Stores,"Seattle, Washington",1986-08-31,72333,
NSC,Norfolk Southern Corp.,Industrials,Railroads,"Norfolk, Virginia",,702165,1881/1894 (1980)
NTRS,Northern Trust Corp.,Financials,Asset Management & Custody Banks,"Chicago, Illinois",,73124,1889
NOC,Northrop Grumman,Industrials,Aerospace & Defense,"West Falls Church, Virginia",1985-06-30,1133421,
NLOK,NortonLifeLock,Information Technology,Application Software,"Tempe, Arizona",2003-03-25,849399,
NCLH,Norwegian Cruise Line Holdings,Consumer Discretionary,"Hotels, Resorts & Cruise Lines","Miami, Florida",2017-10-13,1513761,
NRG,NRG Energy,Utilities,Independent Power Producers & Energy Traders,"Princeton, New Jersey",2010-01-29,1013871,
NUE,Nucor Corp.,Materials,Steel,"Charlotte, North Carolina",1985-04-30,73309,
NVDA,Nvidia Corporation,Information Technology,Semiconductors,"Santa Clara, California",2001-11-30,1045810,
NVR,NVR Inc,Consumer Discretionary,Homebuilding,"Reston, VA",2019-09-26,906163,1980
ORLY,O'Reilly Automotive,Consumer Discretionary,Specialty Stores,"Springfield, Missouri",2009-03-27,898173,
OXY,Occidental Petroleum,Energy,Oil & Gas Exploration & Production,"Houston, Texas",1982-12-31,797468,
ODFL,Old Dominion Freight Line,Industrials,Trucking,"Thomasville, North Carolina",2019-12-09,878927,1934
OMC,Omnicom Group,Communication Services,Advertising,"New York, New York",,29989,1986
OKE,ONEOK,Energy,Oil & Gas Storage & Transportation,"Tulsa, Oklahoma",2010-03-15,1039684,
ORCL,Oracle Corp.,Information Technology,Application Software,"Redwood Shores, California",1989-08-31,1341439,
OTIS,Otis Worldwide,Industrials,Industrial Machinery,"Farmington, Connecticut",2020-04-03,1781335,
PCAR,PACCAR Inc.,Industrials,Construction Machinery & Heavy Trucks,"Bellevue, Washington",1980-12-31,75362,
PKG,Packaging Corporation of America,Materials,Paper Packaging,"Lake Forest, Illinois",2017-07-26,75677,
PH,Parker-Hannifin,Industrials,Industrial Machinery,"Cleveland, Ohio",1985-11-30,76334,
PAYX,Paychex Inc.,Information Technology,Data Processing & Outsourced Services,"Penfield, New York",,723531,1971
PAYC,Paycom,Information Technology,Application Software,"Oklahoma City, Oklahoma",2020-01-28,1590955,1998
PYPL,PayPal,Information Technology,Data Processing & Outsourced Services,"San Jose, California",2015-07-20,1633917,1998
PNR,Pentair plc,Industrials,Industrial Machinery,"Worsley, UK",2012-10-01,77360,
PBCT,People's United Financial,Financials,Thrifts & Mortgage Finance,"Bridgeport, Connecticut",2008-11-13,1378946,
PEP,PepsiCo Inc.,Consumer Staples,Soft Drinks,"Purchase, New York",,77476,1898
PKI,PerkinElmer,Health Care,Health Care Equipment,"Waltham, Massachusetts",1985-05-31,31791,
PRGO,Perrigo,Health Care,Pharmaceuticals,"Dublin, Ireland",2011-12-19,1585364,
PFE,Pfizer Inc.,Health Care,Pharmaceuticals,"New York, New York",,78003,1849
PM,Philip Morris International,Consumer Staples,Tobacco,"New York, New York",2008-03-31,1413329,
PSX,Phillips 66,Energy,Oil & Gas Refining & Marketing,"Houston, Texas",2012-05-01,1534701,
PNW,Pinnacle West Capital,Utilities,Multi-Utilities,"Phoenix, Arizona",,764622,1985
PXD,Pioneer Natural Resources,Energy,Oil & Gas Exploration & Production,"Irving, Texas",2008-09-24,1038357,
PNC,PNC Financial Services,Financials,Regional Banks,"Pittsburgh, Pennsylvania",1988-04-30,713676,
PPG,PPG Industries,Materials,Specialty Chemicals,"Pittsburgh, Pennsylvania",,79879,1883
PPL,PPL Corp.,Utilities,Electric Utilities,"Allentown, Pennsylvania",,922224,
PFG,Principal Financial Group,Financials,Life & Health Insurance,"Des Moines, Iowa",2002-07-22,1126328,
PG,Procter & Gamble,Consumer Staples,Personal Products,"Cincinnati, Ohio",,80424,1837
PGR,Progressive Corp.,Financials,Property & Casualty Insurance,"Mayfield Village, Ohio",1997-08-04,80661,
PLD,Prologis,Real Estate,Industrial REITs,"San Francisco, California",2003-07-17,1045609,
PRU,Prudential Financial,Financials,Life & Health Insurance,"Newark, New Jersey",2002-07-22,1137774,
PEG,Public Serv. Enterprise Inc.,Utilities,Electric Utilities,"Newark, New Jersey",,788784,
PSA,Public Storage,Real Estate,Specialized REITs,"Glendale, California",2005-08-19,1393311,
PHM,PulteGroup,Consumer Discretionary,Homebuilding,"Atlanta, Georgia",1984-04-30,822416,
PVH,PVH Corp.,Consumer Discretionary,"Apparel, Accessories & Luxury Goods","New York, New York",2013-02-15,78239,
QRVO,Qorvo,Information Technology,Semiconductors,"Greensboro, North Carolina",2015-06-11,1604778,2015
PWR,Quanta Services Inc.,Industrials,Construction & Engineering,"Houston, Texas",2009-07-01,1050915,
QCOM,QUALCOMM Inc.,Information Technology,Semiconductors,"San Diego, California",,804328,1985
DGX,Quest Diagnostics,Health Care,Health Care Services,"Secaucus, New Jersey",2002-12-12,1022079,
RL,Ralph Lauren Corporation,Consumer Discretionary,"Apparel, Accessories & Luxury Goods","New York, New York",2007-02-02,1037038,
RJF,Raymond James Financial Inc.,Financials,Investment Banking & Brokerage,"St. Petersburg, Florida",2017-03-20,720005,
RTX,Raytheon Technologies,Industrials,Aerospace & Defense,"Waltham, Massachusetts",,101829,1922
O,Realty Income Corporation,Real Estate,Retail REITs,"San Diego, California",2015-04-07,726728,
REG,Regency Centers Corporation,Real Estate,Retail REITs,"Jacksonville, Florida",2017-03-02,910606,
REGN,Regeneron Pharmaceuticals,Health Care,Biotechnology,"Tarrytown, New York",2013-05-01,872589,
RF,Regions Financial Corp.,Financials,Regional Banks,"Birmingham, Alabama",1998-08-28,1281761,
RSG,Republic Services Inc,Industrials,Environmental & Facilities Services,"Phoenix, Arizona",2008-12-05,1060391,
RMD,ResMed,Health Care,Health Care Equipment,"San Diego, California",2017-07-26,943819,
RHI,Robert Half International,Industrials,Human Resource & Employment Services,"Menlo Park, California",2000-12-05,315213,
ROK,Rockwell Automation Inc.,Industrials,Electrical Components & Equipment,"Milwaukee, Wisconsin",,1024478,
ROL,Rollins Inc.,Industrials,Environmental & Facilities Services,"Atlanta, Georgia",2018-10-01,84839,1948
ROP,Roper Technologies,Industrials,Industrial Conglomerates,"Sarasota, Florida",2009-12-23,882835,
ROST,Ross Stores,Consumer Discretionary,Apparel Retail,"Dublin, California",2009-12-21,745732,
RCL,Royal Caribbean Cruises Ltd,Consumer Discretionary,"Hotels, Resorts & Cruise Lines","Miami, Florida",2014-12-05,884887,
SPGI,"S&P Global, Inc.",Financials,Financial Exchanges & Data,"New York, New York",,64040,
CRM,Salesforce.com,Information Technology,Application Software,"San Francisco, California",2008-09-15,1108524,
SBAC,SBA Communications,Real Estate,Specialized REITs,"Boca Raton, Florida",2017-09-01,1034054,
SLB,Schlumberger Ltd.,Energy,Oil & Gas Equipment & Services,"Curaçao, Kingdom of the Netherlands",1965-03-31,87347,1926
STX,Seagate Technology,Information Technology,"Technology Hardware, Storage & Peripherals","Dublin, Ireland",2012-07-02,1137789,
SEE,Sealed Air,Materials,Paper Packaging,"Charlotte, North Carolina",,1012100,1960
SRE,Sempra Energy,Utilities,Multi-Utilities,"San Diego, California",,1032208,1998
NOW,ServiceNow,Information Technology,Systems Software,"Santa Clara, California",2019-11-21,1373715,2003
SHW,Sherwin-Williams,Materials,Specialty Chemicals,"Cleveland, Ohio",1964-06-30,89800,1866
SPG,Simon Property Group Inc,Real Estate,Retail REITs,"Indianapolis, Indiana",2002-06-26,1063761,2003
SWKS,Skyworks Solutions,Information Technology,Semiconductors,"Woburn, Massachusetts",2015-03-12,4127,
SLG,SL Green Realty,Real Estate,Office REITs,"New York, New York",2015-03-20,1040971,
SNA,Snap-on,Industrials,Industrial Machinery,"Kenosha, Wisconsin",1982-09-30,91440,1920
SO,Southern Company,Utilities,Electric Utilities,"Atlanta, Georgia",,92122,1945
LUV,Southwest Airlines,Industrials,Airlines,"Dallas, Texas",1994-07-01,92380,
SWK,Stanley Black & Decker,Industrials,Industrial Machinery,"New Britain, Connecticut",1982-09-30,93556,
SBUX,Starbucks Corp.,Consumer Discretionary,Restaurants,"Seattle, Washington",,829224,1971
STT,State Street Corp.,Financials,Asset Management & Custody Banks,"Boston, Massachusetts",,93751,1792
STE,STERIS plc,Health Care,Health Care Equipment,"Dublin, Ireland",2019-12-23,1757898,1985
SYK,Stryker Corp.,Health Care,Health Care Equipment,"Kalamazoo, Michigan",2000-12-12,310764,
SIVB,SVB Financial,Financials,Regional Banks,"Santa Clara, California",2018-03-19,719739,
SYF,Synchrony Financial,Financials,Consumer Finance,"Stamford, Connecticut",2015-11-18,1601712,2003
SNPS,Synopsys Inc.,Information Technology,Application Software,"Mountain View, California",2017-03-16,883241,
SYY,Sysco Corp.,Consumer Staples,Food Distributors,"Houston, Texas",1986-12-31,96021,
TMUS,T-Mobile US,Communication Services,Wireless Telecommunication Services,"Bellevue, Washington",2019-07-15,1283699,1994
TROW,T. Rowe Price Group,Financials,Asset Management & Custody Banks,"Baltimore, Maryland",,1113169,1937
TTWO,Take-Two Interactive,Communication Services,Interactive Home Entertainment,"New York, New York",2018-03-19,946581,
TPR,"Tapestry, Inc.",Consumer Discretionary,"Apparel, Accessories & Luxury Goods","New York, New York",,1116132,2017
TGT,Target Corp.,Consumer Discretionary,General Merchandise Stores,"Minneapolis, Minnesota",1976-12-31,27419,
TEL,TE Connectivity Ltd.,Information Technology,Electronic Manufacturing Services,"Schaffhausen, Switzerland",2011-10-17,1385157,
FTI,TechnipFMC,Energy,Oil & Gas Equipment & Services,"London, United Kingdom",2009-06-05,1681459,2017 (1958)
TFX,Teleflex,Health Care,Health Care Equipment,"Wayne, Pennsylvania",2019-01-18,96943,1943
TXN,Texas Instruments,Information Technology,Semiconductors,"Dallas, Texas",,97476,1930
TXT,Textron Inc.,Industrials,Aerospace & Defense,"Providence, Rhode Island",1978-12-31,217346,
TMO,Thermo Fisher Scientific,Health Care,Life Sciences Tools & Services,"Waltham, Massachusetts",,97745,2006 (1902)
TIF,Tiffany & Co.,Consumer Discretionary,"Apparel, Accessories & Luxury Goods","New York, New York",2000-06-21,98246,
TJX,TJX Companies Inc.,Consumer Discretionary,Apparel Retail,"Framingham, Massachusetts",1985-09-30,109198,
TSCO,Tractor Supply Company,Consumer Discretionary,Specialty Stores,"Brentwood, Tennessee",2014-01-24,916365,
TT,Trane Technologies plc,Industrials,Building Products,"Dublin, Ireland",2010-11-17,1466258,
TDG,TransDigm Group,Industrials,Aerospace & Defense,"Cleveland, Ohio",2016-06-03,1260221,
TRV,The Travelers Companies Inc.,Financials,Property & Casualty Insurance,"New York, New York",2002-08-21,86312,
TFC,Truist Financial,Financials,Regional Banks,"Charlotte, North Carolina",1997-12-04,92230,
TWTR,"Twitter, Inc.",Communication Services,Interactive Media & Services,"San Francisco, California",2018-06-07,1418091,
TSN,Tyson Foods,Consumer Staples,Packaged Foods & Meats,"Springdale, Arkansas",,100493,1935
UDR,"UDR, Inc.",Real Estate,Residential REITs,"Highlands Ranch, Colorado",2016-03-07,74208,
ULTA,Ulta Beauty,Consumer Discretionary,Specialty Stores,"Bolingbrook, Illinois",2016-04-18,1403568,1990
USB,U.S. Bancorp,Financials,Diversified Banks,"Minneapolis, Minnesota",,36104,1968
UAA,Under Armour (Class A),Consumer Discretionary,"Apparel, Accessories & Luxury Goods","Baltimore, Maryland",2014-05-01,1336917,
UA,Under Armour (Class C),Consumer Discretionary,"Apparel, Accessories & Luxury Goods","Baltimore, Maryland",2016-04-08,1336917,
UNP,Union Pacific Corp,Industrials,Railroads,"Omaha, Nebraska",,100885,1862
UAL,United Airlines Holdings,Industrials,Airlines,"Chicago, Illinois",2015-09-03,100517,1967
UNH,United Health Group Inc.,Health Care,Managed Health Care,"Minnetonka, Minnesota",1994-07-01,731766,
UPS,United Parcel Service,Industrials,Air Freight & Logistics,"Atlanta, Georgia",2002-07-22,1090727,1907
URI,"United Rentals, Inc.",Industrials,Trading Companies & Distributors,"Stamford, Connecticut",2014-09-20,1067701,1997
UHS,"Universal Health Services, Inc.",Health Care,Health Care Facilities,"King of Prussia, Pennsylvania",2014-09-20,352915,
UNM,Unum Group,Financials,Life & Health Insurance,"Chattanooga, Tennessee",1994-03-01,5513,
VFC,V.F. Corp.,Consumer Discretionary,"Apparel, Accessories & Luxury Goods","Greensboro, North Carolina",1979-06-30,103379,
VLO,Valero Energy,Energy,Oil & Gas Refining & Marketing,"San Antonio, Texas",,1035002,1980
VAR,Varian Medical Systems,Health Care,Health Care Equipment,"Palo Alto, California",2007-02-12,203527,
VTR,Ventas Inc,Real Estate,Health Care REITs,"Chicago, Illinois",2009-03-04,740260,
VRSN,Verisign Inc.,Information Technology,Internet Services & Infrastructure,"Dulles, Virginia",2006-02-01,1014473,
VRSK,Verisk Analytics,Industrials,Research & Consulting Services,"Jersey City, New Jersey",2015-10-08,1442145,1971
VZ,Verizon Communications,Communication Services,Integrated Telecommunication Services,"New York, New York",1983-11-30,732712,
VRTX,Vertex Pharmaceuticals Inc,Health Care,Biotechnology,"Cambridge, Massachusetts",2013-09-23,875320,
VIAC,ViacomCBS,Communication Services,Movies & Entertainment,"New York, New York",,1339947,
V,Visa Inc.,Information Technology,Data Processing & Outsourced Services,"San Francisco, California",2009-12-21,1403161,
VNO,Vornado Realty Trust,Real Estate,Office REITs,"New York, New York",,899689,1982
VMC,Vulcan Materials,Materials,Construction Materials,"Birmingham, Alabama",1999-06-30,1396009,
WRB,W. R. Berkley Corporation,Financials,Property & Casualty Insurance,"Greenwich, Connecticut",2019-12-05,11544,1967
WAB,Wabtec Corporation,Industrials,Construction Machinery & Heavy Trucks,"Wilmerding, Pennsylvania",2019-02-27,943452,1999 (1869)
WMT,Walmart,Consumer Staples,Hypermarkets & Super Centers,"Bentonville, Arkansas",1982-08-31,104169,
WBA,Walgreens Boots Alliance,Consumer Staples,Drug Retail,"Deerfield, Illinois",1979-12-31,1618921,2014
DIS,The Walt Disney Company,Communication Services,Movies & Entertainment,"Burbank, California",1976-06-30,1001039,
WM,Waste Management Inc.,Industrials,Environmental & Facilities Services,"Houston, Texas",,823768,1968
WAT,Waters Corporation,Health Care,Health Care Distributors,"Milford, Massachusetts",,1000697,1958
WEC,WEC Energy Group,Utilities,Electric Utilities,"Milwaukee, Wisconsin",2008-10-31,783325,
WFC,Wells Fargo,Financials,Diversified Banks,"San Francisco, California",1976-06-30,72971,
WELL,Welltower Inc.,Real Estate,Health Care REITs,"Toledo, Ohio",2009-01-30,766704,
WST,West Pharmaceutical Services,Health Care,Health Care Supplies,"Exton, Pennsylvania",2020-05-22,105770,
WDC,Western Digital,Information Technology,"Technology Hardware, Storage & Peripherals","Irvine, California",2009-07-01,106040,
WU,Western Union Co,Information Technology,Data Processing & Outsourced Services,"Englewood, Colorado",,1365135,1851
WRK,WestRock,Materials,Paper Packaging,"Richmond, Virginia",,1636023,2015
WY,Weyerhaeuser,Real Estate,Specialized REITs,"Federal Way, Washington",,106535,1900
WHR,Whirlpool Corp.,Consumer Discretionary,Household Appliances,"Benton Harbor, Michigan",,106640,1911
WMB,Williams Cos.,Energy,Oil & Gas Storage & Transportation,"Tulsa, Oklahoma",1975-03-31,107263,
WLTW,Willis Towers Watson,Financials,Insurance Brokers,"London, United Kingdom",2016-01-05,1140536,
WYNN,Wynn Resorts Ltd,Consumer Discretionary,Casinos & Gaming,"Paradise, Nevada",2008-11-14,1174922,
XEL,Xcel Energy Inc,Utilities,Multi-Utilities,"Minneapolis, Minnesota",,72903,1909
XRX,Xerox,Information Technology,"Technology Hardware, Storage & Peripherals","Norwalk, Connecticut",,108772,1906
XLNX,Xilinx,Information Technology,Semiconductors,"San Jose, California",1999-11-08,743988,
XYL,Xylem Inc.,Industrials,Industrial Machinery,"White Plains, New York",2011-11-01,1524472,2011
YUM,Yum! Brands Inc,Consumer Discretionary,Restaurants,"Louisville, Kentucky",1997-10-06,1041061,
ZBRA,Zebra Technologies,Information Technology,Electronic Equipment & Instruments,"Lincolnshire, Illinois",2019-12-23,877212,1969
ZBH,Zimmer Biomet Holdings,Health Care,Health Care Equipment,"Warsaw, Indiana",2001-08-07,1136869,
ZION,Zions Bancorp,Financials,Regional Banks,"Salt Lake City, Utah",2001-06-22,109380,
ZTS,Zoetis,Health Care,Pharmaceuticals,"Florham Park, New Jersey",2013-06-21,1555280,1952